[
  {
    "id": "clj-001",
    "title": "Garsonieră renovată, Mărăști, ideală pentru închiriat",
    "city": "Cluj-Napoca",
    "area": "Mărăști",
    "price": 63000,
    "size": 30,
    "pricePerSqm": 2100,
    "type": "rent",
    "tags": ["near_university", "recently_renovated"],
    "description": "Garsonieră compactă, recent renovată, aproape de mijloacele de transport și campus. Ideală pentru studenți sau tineri profesioniști."
  },
  {
    "id": "buc-002",
    "title": "Apartament 2 camere, zona Giurgiului",
    "city": "Bucuresti",
    "area": "Giurgiului",
    "price": 56000,
    "size": 42,
    "pricePerSqm": 1333,
    "type": "flip",
    "tags": ["needs_reno"],
    "description": "Apartament cu potențial, preț accesibil, lângă stații RATB și supermarket. Necesită modernizare, bun pentru renovare și revânzare."
  },
  {
    "id": "brv-010",
    "title": "Studio în Brașov – vechi, dar aproape de centru",
    "city": "Brasov",
    "area": "Old Town",
    "price": 85000,
    "size": 38,
    "pricePerSqm": 2237,
    "type": "short",
    "tags": ["tourist_area"],
    "description": "Studio cochet situat central, în zonă turistică. Randament bun pentru închirieri pe termen scurt."
  },
  {
    "id": "sib-007",
    "title": "Apartament 3 camere în Sibiu, zonă liniștită",
    "city": "Sibiu",
    "area": "Hipodrom",
    "price": 82000,
    "size": 85,
    "pricePerSqm": 965,
    "type": "rent",
    "tags": [],
    "description": "Spațios, bine compartimentat, bloc reabilitat. Bun pentru familii sau închiriere pe termen lung."
  }
]
